{
    "pos_global": [
        77.37937927246094,
        -2.0416219234466553
    ],
    "theta": 3.141266508898463,
    "speed": 0.032888881862163544,
    "target_speed": 1.031720178842064,
    "speed_limit": 27.77777777777778,
    "target_point": [
        79.46140851141332,
        -126.97674944276457
    ],
    "target_point_next": [
        79.46693809562235,
        -304.97540670337855
    ],
    "command": 4,
    "next_command": 4,
    "aim_wp": [
        4.260015484342587,
        3.115656038245795e-6
    ],
    "route": [
        [
            4.360015489653725,
            3.1383065634844193e-6
        ],
        [
            5.3600155427650344,
            3.3648118140663322e-6
        ],
        [
            6.360015595876343,
            3.591317064648245e-6
        ],
        [
            7.360015648987652,
            3.817822315230375e-6
        ],
        [
            8.360015702098961,
            4.044327565812071e-6
        ],
        [
            9.36001575521027,
            4.270832816394201e-6
        ],
        [
            10.36001580832158,
            4.497338066975897e-6
        ],
        [
            11.360015861432887,
            4.723843317558027e-6
        ],
        [
            12.360015914544196,
            4.950348568139723e-6
        ],
        [
            13.360018714237386,
            5.177749601853986e-6
        ],
        [
            14.360023650160938,
            5.4058473557844905e-6
        ],
        [
            15.360023703272248,
            5.632352606367054e-6
        ],
        [
            16.360022383092616,
            5.8584099653829005e-6
        ],
        [
            17.36002136808874,
            6.084566855855608e-6
        ],
        [
            18.360023862606173,
            6.311868358112142e-6
        ],
        [
            19.36002254242654,
            6.537925717127989e-6
        ],
        [
            20.36002015413173,
            6.763634716035714e-6
        ],
        [
            21.360020207243036,
            6.990139966618278e-6
        ],
        [
            22.360021633617293,
            7.302923792535353e-6
        ],
        [
            23.36002412808496,
            7.682813177443092e-6
        ]
    ],
    "route_original": [
        [
            4.360015489653725,
            3.1383065634844193e-6
        ],
        [
            5.3600155427650344,
            3.3648118140663322e-6
        ],
        [
            6.360015595876343,
            3.591317064648245e-6
        ],
        [
            7.360015648987652,
            3.817822315230375e-6
        ],
        [
            8.360015702098961,
            4.044327565812071e-6
        ],
        [
            9.36001575521027,
            4.270832816394201e-6
        ],
        [
            10.36001580832158,
            4.497338066975897e-6
        ],
        [
            11.360015861432887,
            4.723843317558027e-6
        ],
        [
            12.360015914544196,
            4.950348568139723e-6
        ],
        [
            13.360018714237386,
            5.177749601853986e-6
        ],
        [
            14.360023650160938,
            5.4058473557844905e-6
        ],
        [
            15.360023703272248,
            5.632352606367054e-6
        ],
        [
            16.360022383092616,
            5.8584099653829005e-6
        ],
        [
            17.36002136808874,
            6.084566855855608e-6
        ],
        [
            18.360023862606173,
            6.311868358112142e-6
        ],
        [
            19.36002254242654,
            6.537925717127989e-6
        ],
        [
            20.36002015413173,
            6.763634716035714e-6
        ],
        [
            21.360020207243036,
            6.990139966618278e-6
        ],
        [
            22.360021633617293,
            7.302923792535353e-6
        ],
        [
            23.36002412808496,
            7.682813177443092e-6
        ]
    ],
    "changed_route": false,
    "speed_reduced_by_obj_type": "vehicle.lincoln.mkz_2020",
    "speed_reduced_by_obj_id": 216,
    "speed_reduced_by_obj_distance": 15.000029563903809,
    "steer": 0.0,
    "throttle": 1.0,
    "brake": false,
    "control_brake": false,
    "junction": false,
    "vehicle_hazard": false,
    "vehicle_affecting_id": null,
    "light_hazard": false,
    "walker_hazard": false,
    "walker_affecting_id": null,
    "stop_sign_hazard": false,
    "stop_sign_close": false,
    "walker_close": false,
    "walker_close_id": null,
    "angle": 4.6560587517429187e-7,
    "augmentation_translation": 0.3786207724011643,
    "augmentation_rotation": -2.1941769877631923,
    "ego_matrix": [
        [
            -0.9999999403953552,
            -0.000326306966599077,
            2.7425779990153387e-5,
            77.37937927246094
        ],
        [
            0.00032630760688334703,
            -0.9999999403953552,
            2.342686457268428e-5,
            -2.0416219234466553
        ],
        [
            2.7418134777690284e-5,
            2.3435814000549726e-5,
            1.0,
            -0.010334701277315617
        ],
        [
            0.0,
            0.0,
            0.0,
            1.0
        ]
    ]
}